{"cameraMode":{"drawMode":0,"name":"Shaded","section":"Shading Mode"},"sceneLighting":true,"audioPlay":false,"sceneViewState":{"showFog":true,"showMaterialUpdate":true,"showSkybox":true,"showFlares":true,"showImageEffects":true,"showParticleSystems":true},"in2DMode":false,"pivot":{"x":-0.0000661015510559082,"y":0.09514303505420685,"z":0.012959711253643036},"rotation":{"x":0.0924752876162529,"y":-0.04718143865466118,"z":0.004395508207380772,"w":0.9946103692054749},"size":0.12819120287895204,"orthographic":false}